"Story","Title","Result","Date","Stability","Duration (s)"
"Gives Appropriate error messages for Request Failures","Service has no data to return for the requested Models.","SUCCESS","2019-10-10T13:24:52.251-04:00[America/New_York]","0.0","9.89"
"Gives Appropriate error messages for Request Failures","User makes a Put Request against the service.","SUCCESS","2019-10-10T13:25:02.15-04:00[America/New_York]","0.0","0.71"
"Gives Appropriate error messages for Request Failures","User makes a GET Request against the service.","SUCCESS","2019-10-10T13:25:02.872-04:00[America/New_York]","0.0","0.32"
"Gives Appropriate error messages for Request Failures","User makes a Patch Request against the service.","SUCCESS","2019-10-10T13:25:03.198-04:00[America/New_York]","0.0","0.3"
"Gives Appropriate error messages for Request Failures","Missing stateCode in the request body.","SUCCESS","2019-10-10T13:25:03.497-04:00[America/New_York]","0.0","0.25"
"Gives Appropriate error messages for Request Failures","Missing Ccode in the request body.","SUCCESS","2019-10-10T13:25:03.75-04:00[America/New_York]","0.0","0.24"
"Gives Appropriate error messages for Request Failures","Missing Llp in the request body.","SUCCESS","2019-10-10T13:25:03.989-04:00[America/New_York]","0.0","0.22"
"Retrieve model compare information","Retrieve compare data for the provided ccode&Llp's","SUCCESS","2019-10-10T13:25:04.208-04:00[America/New_York]","0.0","13.0"
