{"name":"Missing stateCode in the request body.","id":"gives-appropriate-error-messages-for-request-failures;missing-statecode-in-the-request-body.","testSteps":[{"number":1,"description":"Given Mathew has a list of vehicles to be Compared:\r\n| code | llpCode |\r\n| IUT201813DS6L62B | 2TB |\r\n| CUD201811WDEL75A | 2TA |","duration":2,"startTime":"2019-10-10T13:25:03.499-04:00[America/New_York]","result":"SUCCESS","precondition":false,"level":0},{"number":2,"description":"When The user makes a post request to the Configuration-Service","duration":244,"startTime":"2019-10-10T13:25:03.501-04:00[America/New_York]","result":"SUCCESS","precondition":false,"level":0,"children":[{"number":3,"description":"Mathew post compare request","duration":241,"startTime":"2019-10-10T13:25:03.504-04:00[America/New_York]","result":"SUCCESS","precondition":false,"level":1,"children":[{"number":4,"description":"Mathew executes a POST on the resource /configuration-compare/compare","duration":235,"startTime":"2019-10-10T13:25:03.509-04:00[America/New_York]","result":"SUCCESS","precondition":false,"level":2,"children":[{"number":5,"description":"POST https://www.chrysler.com/hostd/api/configuration-compare/compare\r","duration":0,"startTime":"2019-10-10T13:25:03.744-04:00[America/New_York]","result":"SUCCESS","restQuery":{"method":"POST","path":"https://www.chrysler.com/hostd/api/configuration-compare/compare\r","content":"{\n    \"models\": [\n        {\n            \"code\": \"IUT201813DS6L62B\",\n            \"llpCode\": \"2TB\"\n        },\n        {\n            \"code\": \"CUD201811WDEL75A\",\n            \"llpCode\": \"2TA\"\n        }\n    ]\n}\r","contentType":"application/json","requestHeaders":"Accept\u003d*/*\r\n\t\t\t\tContent-Type\u003dapplication/json; charset\u003dUTF-8\r","requestCookies":"\r","responseHeaders":"Server: nginx/1.15.6\r\nContent-Type: application/json;charset\u003dUTF-8\r\nX-Application-Context: configuration-compare-business\r\nContent-Length: 642\r\nCache-Control: max-age\u003d3600\r\nExpires: Thu, 10 Oct 2019 18:25:03 GMT\r\nDate: Thu, 10 Oct 2019 17:25:03 GMT\r\nConnection: close\r\nSet-Cookie: CT_Akamai\u003dgeoregion\u003d295,country_code\u003dCA,region_code\u003dON,city\u003dLONDON,lat\u003d42.98,long\u003d-81.25,timezone\u003dEST,zip\u003dN5V+N5W+N5X+N5Y+N5Z+N6A+N6B+N6C+N6E+N6G+N6H+N6J+N6K+N6L+N6M+N6N+N6P,throughput\u003dvhigh,network\u003d,network_type\u003d,proxy\u003d; path\u003d/; secure\r\nServer-Timing: cdn-cache; desc\u003dMISS\r\nServer-Timing: edge; dur\u003d6\r\nServer-Timing: origin; dur\u003d31\r\nStrict-Transport-Security: max-age\u003d15778476\r","responseCookies":"CT_Akamai\u003dgeoregion\u003d295,country_code\u003dCA,region_code\u003dON,city\u003dLONDON,lat\u003d42.98,long\u003d-81.25,timezone\u003dEST,zip\u003dN5V+N5W+N5X+N5Y+N5Z+N6A+N6B+N6C+N6E+N6G+N6H+N6J+N6K+N6L+N6M+N6N+N6P,throughput\u003dvhigh,network\u003d,network_type\u003d,proxy\u003d;Path\u003d/;Secure\r","responseBody":"{\n    \"timestamp\": 1570728303732,\n    \"status\": 400,\n    \"error\": \"Bad Request\",\n    \"exception\": \"org.springframework.web.bind.MethodArgumentNotValidException\",\n    \"errors\": [\n        {\n            \"codes\": [\n                \"NotNull.compareRequest.stateCode\",\n                \"NotNull.stateCode\",\n                \"NotNull.java.lang.String\",\n                \"NotNull\"\n            ],\n            \"arguments\": [\n                {\n                    \"codes\": [\n                        \"compareRequest.stateCode\",\n                        \"stateCode\"\n                    ],\n                    \"arguments\": null,\n                    \"defaultMessage\": \"stateCode\",\n                    \"code\": \"stateCode\"\n                }\n            ],\n            \"defaultMessage\": \"may not be null\",\n            \"objectName\": \"compareRequest\",\n            \"field\": \"stateCode\",\n            \"rejectedValue\": null,\n            \"bindingFailure\": false,\n            \"code\": \"NotNull\"\n        }\n    ],\n    \"message\": \"Validation failed for object\u003d\u0027compareRequest\u0027. Error count: 1\",\n    \"path\": \"/configuration-compare/compare\"\n}","statusCode":400},"precondition":false,"level":3}]}]}]},{"number":6,"description":"Then Should get a 400 response with the Error Message.","duration":2,"startTime":"2019-10-10T13:25:03.746-04:00[America/New_York]","result":"SUCCESS","precondition":false,"level":0,"children":[{"number":7,"description":"A valid response is returned","duration":1,"startTime":"2019-10-10T13:25:03.747-04:00[America/New_York]","result":"SUCCESS","precondition":false,"level":1}]}],"userStory":{"id":"gives-appropriate-error-messages-for-request-failures","storyName":"Gives Appropriate error messages for Request Failures","path":"features/Configuration_Compare/Model_Compare/Request_Failures.feature","narrative":"  The Service will provide enough Messages and indication of the Failure of the Request.","type":"feature"},"featureTag":{"name":"Model compare/Gives Appropriate error messages for Request Failures","type":"feature","displayName":"Model compare/Gives Appropriate error messages for Request Failures"},"title":"Missing stateCode in the request body.","tags":[{"name":"Configuration compare/Model compare","type":"capability","displayName":"Model compare"},{"name":"Configuration compare","type":"theme","displayName":"Configuration compare"},{"name":"Model compare/Gives Appropriate error messages for Request Failures","type":"feature","displayName":"Gives Appropriate error messages for Request Failures"}],"startTime":"2019-10-10T13:25:03.497-04:00[America/New_York]","duration":251,"projectKey":"","isManualTestingUpToDate":false,"manual":false,"testSource":"Cucumber","actors":[{"name":"Mathew","can":["call an API at https://www.chrysler.com/hostd/api"]}],"result":"SUCCESS"}