{"name":"Missing Llp in the request body.","id":"gives-appropriate-error-messages-for-request-failures;missing-llp-in-the-request-body.","testSteps":[{"number":1,"description":"Given Mathew has a list of vehicles to be Compared:\r\n| code | llpCode |\r\n| IUT201813DS6L62B | 2TB |\r\n| CUD201811WDEL75A |  |","duration":1,"startTime":"2019-10-10T13:25:03.992-04:00[America/New_York]","result":"SUCCESS","precondition":false,"level":0},{"number":2,"description":"And has a stateCode for the Comparison\r\n| stateCode |\r\n| LA |","duration":1,"startTime":"2019-10-10T13:25:03.993-04:00[America/New_York]","result":"SUCCESS","precondition":false,"level":0},{"number":3,"description":"When The user makes a post request to the Configuration-Service","duration":208,"startTime":"2019-10-10T13:25:03.994-04:00[America/New_York]","result":"SUCCESS","precondition":false,"level":0,"children":[{"number":4,"description":"Mathew post compare request","duration":206,"startTime":"2019-10-10T13:25:03.996-04:00[America/New_York]","result":"SUCCESS","precondition":false,"level":1,"children":[{"number":5,"description":"Mathew executes a POST on the resource /configuration-compare/compare","duration":202,"startTime":"2019-10-10T13:25:03.999-04:00[America/New_York]","result":"SUCCESS","precondition":false,"level":2,"children":[{"number":6,"description":"POST https://www.chrysler.com/hostd/api/configuration-compare/compare\r","duration":0,"startTime":"2019-10-10T13:25:04.201-04:00[America/New_York]","result":"SUCCESS","restQuery":{"method":"POST","path":"https://www.chrysler.com/hostd/api/configuration-compare/compare\r","content":"{\n    \"models\": [\n        {\n            \"code\": \"IUT201813DS6L62B\",\n            \"llpCode\": \"2TB\"\n        },\n        {\n            \"code\": \"CUD201811WDEL75A\",\n            \"llpCode\": \"\"\n        }\n    ],\n    \"stateCode\": \"LA\"\n}\r","contentType":"application/json","requestHeaders":"Accept\u003d*/*\r\n\t\t\t\tContent-Type\u003dapplication/json; charset\u003dUTF-8\r","requestCookies":"\r","responseHeaders":"Server: nginx/1.15.6\r\nContent-Type: application/json;charset\u003dUTF-8\r\nX-Application-Context: configuration-compare-business\r\nContent-Length: 244\r\nCache-Control: max-age\u003d3600\r\nExpires: Thu, 10 Oct 2019 18:25:04 GMT\r\nDate: Thu, 10 Oct 2019 17:25:04 GMT\r\nConnection: close\r\nSet-Cookie: CT_Akamai\u003dgeoregion\u003d295,country_code\u003dCA,region_code\u003dON,city\u003dLONDON,lat\u003d42.98,long\u003d-81.25,timezone\u003dEST,zip\u003dN5V+N5W+N5X+N5Y+N5Z+N6A+N6B+N6C+N6E+N6G+N6H+N6J+N6K+N6L+N6M+N6N+N6P,throughput\u003dvhigh,network\u003d,network_type\u003d,proxy\u003d; path\u003d/; secure\r\nServer-Timing: cdn-cache; desc\u003dMISS\r\nServer-Timing: edge; dur\u003d8\r\nServer-Timing: origin; dur\u003d15\r\nStrict-Transport-Security: max-age\u003d15778476\r","responseCookies":"CT_Akamai\u003dgeoregion\u003d295,country_code\u003dCA,region_code\u003dON,city\u003dLONDON,lat\u003d42.98,long\u003d-81.25,timezone\u003dEST,zip\u003dN5V+N5W+N5X+N5Y+N5Z+N6A+N6B+N6C+N6E+N6G+N6H+N6J+N6K+N6L+N6M+N6N+N6P,throughput\u003dvhigh,network\u003d,network_type\u003d,proxy\u003d;Path\u003d/;Secure\r","responseBody":"{\n    \"timestamp\": 1570728304191,\n    \"status\": 400,\n    \"error\": \"Bad Request\",\n    \"exception\": \"com.fca.configurationcompare.svc.rest.exception.InvalidRequestException\",\n    \"message\": \"[2] must have both ccode and llp or neither\",\n    \"path\": \"/configuration-compare/compare\"\n}","statusCode":400},"precondition":false,"level":3}]}]}]},{"number":7,"description":"Then Should get a 400 response with the Error Message.","duration":2,"startTime":"2019-10-10T13:25:04.203-04:00[America/New_York]","result":"SUCCESS","precondition":false,"level":0,"children":[{"number":8,"description":"A valid response is returned","duration":1,"startTime":"2019-10-10T13:25:04.204-04:00[America/New_York]","result":"SUCCESS","precondition":false,"level":1}]}],"userStory":{"id":"gives-appropriate-error-messages-for-request-failures","storyName":"Gives Appropriate error messages for Request Failures","path":"features/Configuration_Compare/Model_Compare/Request_Failures.feature","narrative":"  The Service will provide enough Messages and indication of the Failure of the Request.","type":"feature"},"featureTag":{"name":"Model compare/Gives Appropriate error messages for Request Failures","type":"feature","displayName":"Model compare/Gives Appropriate error messages for Request Failures"},"title":"Missing Llp in the request body.","tags":[{"name":"Configuration compare/Model compare","type":"capability","displayName":"Model compare"},{"name":"Configuration compare","type":"theme","displayName":"Configuration compare"},{"name":"Model compare/Gives Appropriate error messages for Request Failures","type":"feature","displayName":"Gives Appropriate error messages for Request Failures"}],"startTime":"2019-10-10T13:25:03.989-04:00[America/New_York]","duration":217,"projectKey":"","isManualTestingUpToDate":false,"manual":false,"testSource":"Cucumber","actors":[{"name":"Mathew","can":["call an API at https://www.chrysler.com/hostd/api"]}],"result":"SUCCESS"}