{"name":"User makes a Patch Request against the service.","id":"gives-appropriate-error-messages-for-request-failures;user-makes-a-patch-request-against-the-service.","testSteps":[{"number":1,"description":"Given Mathew has a list of vehicles to be Compared:\r\n| code | llpCode |\r\n| IUT201813DS6L62B | 2TB |\r\n| CUD201811WDEL75A | 2TA |","duration":2,"startTime":"2019-10-10T13:25:03.201-04:00[America/New_York]","result":"SUCCESS","precondition":false,"level":0},{"number":2,"description":"And has a stateCode for the Comparison\r\n| stateCode |\r\n| LA |","duration":0,"startTime":"2019-10-10T13:25:03.203-04:00[America/New_York]","result":"SUCCESS","precondition":false,"level":0},{"number":3,"description":"When The user makes a PATCH request to the Configuration-Service","duration":287,"startTime":"2019-10-10T13:25:03.203-04:00[America/New_York]","result":"SUCCESS","precondition":false,"level":0,"children":[{"number":4,"description":"Mathew patch request","duration":278,"startTime":"2019-10-10T13:25:03.212-04:00[America/New_York]","result":"SUCCESS","precondition":false,"level":1,"children":[{"number":5,"description":"Mathew executes a PUT on the resource /configuration-compare/compare","duration":259,"startTime":"2019-10-10T13:25:03.230-04:00[America/New_York]","result":"SUCCESS","precondition":false,"level":2,"children":[{"number":6,"description":"PATCH https://www.chrysler.com/hostd/api/configuration-compare/compare\r","duration":0,"startTime":"2019-10-10T13:25:03.489-04:00[America/New_York]","result":"SUCCESS","restQuery":{"method":"PATCH","path":"https://www.chrysler.com/hostd/api/configuration-compare/compare\r","content":"{\n    \"models\": [\n        {\n            \"code\": \"IUT201813DS6L62B\",\n            \"llpCode\": \"2TB\"\n        },\n        {\n            \"code\": \"CUD201811WDEL75A\",\n            \"llpCode\": \"2TA\"\n        }\n    ],\n    \"stateCode\": \"LA\"\n}\r","contentType":"application/json","requestHeaders":"Accept\u003d*/*\r\n\t\t\t\tContent-Type\u003dapplication/json; charset\u003dUTF-8\r","requestCookies":"\r","responseHeaders":"Server: AkamaiGHost\r\nMime-Version: 1.0\r\nContent-Type: text/html\r\nContent-Length: 299\r\nCache-Control: max-age\u003d3600\r\nExpires: Thu, 10 Oct 2019 18:25:03 GMT\r\nDate: Thu, 10 Oct 2019 17:25:03 GMT\r\nConnection: close\r\nX-Akam-SW-Version: 0.5.0\r\nStrict-Transport-Security: max-age\u003d15778476\r","responseCookies":"\r","responseBody":"\u003chtml\u003e\n  \u003chead\u003e\n    \u003ctitle\u003eUnsupported Request\u003c/title\u003e\n  \u003c/head\u003e\n  \u003cbody\u003e\n    \u003ch1\u003eUnsupported Request\u003c/h1\u003e\n\nPATCH to http://www.chrysler.com/hostd/api/configuration-compare/compare not supported.    \u003cp\u003e\nReference #8.4e24db17.1570728303.258c108c\n\u003c/p\u003e\n  \u003c/body\u003e\n\u003c/html\u003e","statusCode":501},"precondition":false,"level":3}]}]}]},{"number":7,"description":"Then Should get a 501 response with the Error Message.","duration":3,"startTime":"2019-10-10T13:25:03.491-04:00[America/New_York]","result":"SUCCESS","precondition":false,"level":0,"children":[{"number":8,"description":"A valid response is returned","duration":1,"startTime":"2019-10-10T13:25:03.493-04:00[America/New_York]","result":"SUCCESS","precondition":false,"level":1}]}],"userStory":{"id":"gives-appropriate-error-messages-for-request-failures","storyName":"Gives Appropriate error messages for Request Failures","path":"features/Configuration_Compare/Model_Compare/Request_Failures.feature","narrative":"  The Service will provide enough Messages and indication of the Failure of the Request.","type":"feature"},"featureTag":{"name":"Model compare/Gives Appropriate error messages for Request Failures","type":"feature","displayName":"Model compare/Gives Appropriate error messages for Request Failures"},"title":"User makes a Patch Request against the service.","tags":[{"name":"Configuration compare/Model compare","type":"capability","displayName":"Model compare"},{"name":"Configuration compare","type":"theme","displayName":"Configuration compare"},{"name":"Model compare/Gives Appropriate error messages for Request Failures","type":"feature","displayName":"Gives Appropriate error messages for Request Failures"}],"startTime":"2019-10-10T13:25:03.198-04:00[America/New_York]","duration":297,"projectKey":"","isManualTestingUpToDate":false,"manual":false,"testSource":"Cucumber","actors":[{"name":"Mathew","can":["call an API at https://www.chrysler.com/hostd/api"]}],"result":"SUCCESS"}