{"name":"Service has no data to return for the requested Models.","id":"gives-appropriate-error-messages-for-request-failures;service-has-no-data-to-return-for-the-requested-models.","testSteps":[{"number":1,"description":"Given Mathew has a list of vehicles to be Compared:\r\n| code | llpCode |\r\n| IUT2018DS6L62B | 2TB |\r\n| CUD201811WDEL75A | 245 |","duration":114,"startTime":"2019-10-10T13:24:52.582-04:00[America/New_York]","result":"SUCCESS","precondition":false,"level":0},{"number":2,"description":"And has a stateCode for the Comparison\r\n| stateCode |\r\n| LA |","duration":0,"startTime":"2019-10-10T13:24:52.700-04:00[America/New_York]","result":"SUCCESS","precondition":false,"level":0},{"number":3,"description":"When The user makes a post request to the Configuration-Service","duration":9037,"startTime":"2019-10-10T13:24:52.700-04:00[America/New_York]","result":"SUCCESS","precondition":false,"level":0,"children":[{"number":4,"description":"Mathew post compare request","duration":8743,"startTime":"2019-10-10T13:24:52.991-04:00[America/New_York]","result":"SUCCESS","precondition":false,"level":1,"children":[{"number":5,"description":"Mathew executes a POST on the resource /configuration-compare/compare","duration":8544,"startTime":"2019-10-10T13:24:53.180-04:00[America/New_York]","result":"SUCCESS","precondition":false,"level":2,"children":[{"number":6,"description":"POST https://www.chrysler.com/hostd/api/configuration-compare/compare\r","duration":3,"startTime":"2019-10-10T13:25:01.721-04:00[America/New_York]","result":"SUCCESS","restQuery":{"method":"POST","path":"https://www.chrysler.com/hostd/api/configuration-compare/compare\r","content":"{\n    \"models\": [\n        {\n            \"code\": \"IUT2018DS6L62B\",\n            \"llpCode\": \"2TB\"\n        },\n        {\n            \"code\": \"CUD201811WDEL75A\",\n            \"llpCode\": \"245\"\n        }\n    ],\n    \"stateCode\": \"LA\"\n}\r","contentType":"application/json","requestHeaders":"Accept\u003d*/*\r\n\t\t\t\tContent-Type\u003dapplication/json; charset\u003dUTF-8\r","requestCookies":"\r","responseHeaders":"Server: nginx/1.15.6\r\nContent-Type: application/json;charset\u003dUTF-8\r\nX-Application-Context: configuration-compare-business\r\nCache-Control: max-age\u003d3600\r\nExpires: Thu, 10 Oct 2019 18:25:01 GMT\r\nDate: Thu, 10 Oct 2019 17:25:01 GMT\r\nConnection: close\r\nSet-Cookie: CT_Akamai\u003dgeoregion\u003d295,country_code\u003dCA,region_code\u003dON,city\u003dLONDON,lat\u003d42.98,long\u003d-81.25,timezone\u003dEST,zip\u003dN5V+N5W+N5X+N5Y+N5Z+N6A+N6B+N6C+N6E+N6G+N6H+N6J+N6K+N6L+N6M+N6N+N6P,throughput\u003dvhigh,network\u003d,network_type\u003d,proxy\u003d; path\u003d/; secure\r\nServer-Timing: cdn-cache; desc\u003dMISS\r\nServer-Timing: edge; dur\u003d7\r\nServer-Timing: origin; dur\u003d462\r\nStrict-Transport-Security: max-age\u003d15778476\r","responseCookies":"CT_Akamai\u003dgeoregion\u003d295,country_code\u003dCA,region_code\u003dON,city\u003dLONDON,lat\u003d42.98,long\u003d-81.25,timezone\u003dEST,zip\u003dN5V+N5W+N5X+N5Y+N5Z+N6A+N6B+N6C+N6E+N6G+N6H+N6J+N6K+N6L+N6M+N6N+N6P,throughput\u003dvhigh,network\u003d,network_type\u003d,proxy\u003d;Path\u003d/;Secure\r","responseBody":"{\n    \"timestamp\": 1570728301410,\n    \"status\": 500,\n    \"error\": \"Internal Server Error\",\n    \"exception\": \"com.fca.configurationcompare.svc.rest.exception.DomainServiceException\",\n    \"message\": \"All models failed. Errors: unknown model (no logic tree) : ConfiguredModelDescriptionRequest(code\u003dIUT2018DS6L62B, llpCode\u003d2TB, configuration\u003dstandard, vin\u003dnull, options\u003d[])/unknown model (no logic tree): ConfiguredModelDescriptionRequest(code\u003dCUD201811WDEL75A, llpCode\u003d245, configuration\u003dstandard, vin\u003dnull, options\u003d[])\",\n    \"path\": \"/configuration-compare/compare\"\n}","statusCode":500},"precondition":false,"level":3}]}]}]},{"number":7,"description":"Then Should get a 500 response with the Error Message.","duration":405,"startTime":"2019-10-10T13:25:01.738-04:00[America/New_York]","result":"SUCCESS","precondition":false,"level":0,"children":[{"number":8,"description":"A valid response is returned","duration":88,"startTime":"2019-10-10T13:25:02.054-04:00[America/New_York]","result":"SUCCESS","precondition":false,"level":1}]}],"userStory":{"id":"gives-appropriate-error-messages-for-request-failures","storyName":"Gives Appropriate error messages for Request Failures","path":"features/Configuration_Compare/Model_Compare/Request_Failures.feature","narrative":"  The Service will provide enough Messages and indication of the Failure of the Request.","type":"feature"},"featureTag":{"name":"Model compare/Gives Appropriate error messages for Request Failures","type":"feature","displayName":"Model compare/Gives Appropriate error messages for Request Failures"},"title":"Service has no data to return for the requested Models.","tags":[{"name":"Configuration compare/Model compare","type":"capability","displayName":"Model compare"},{"name":"Configuration compare","type":"theme","displayName":"Configuration compare"},{"name":"Model compare/Gives Appropriate error messages for Request Failures","type":"feature","displayName":"Gives Appropriate error messages for Request Failures"}],"startTime":"2019-10-10T13:24:52.251-04:00[America/New_York]","duration":9893,"projectKey":"","isManualTestingUpToDate":false,"manual":false,"testSource":"Cucumber","actors":[{"name":"Mathew","can":["call an API at https://www.chrysler.com/hostd/api"]}],"result":"SUCCESS"}